{
  "acceleration_x": [10.466404823602467, -11.138683219575125, 0.1592592220547112, 0.7910923538726815],
  "acceleration_y": [18.405121195789974, -1.832899537944932, 9.519593732754856, 0.4425456893515766],
  "acceleration_z": [10.802562433561844, -10.064574567120928, -0.8350328007093296, 1.9382321964343783],
  "angular_vec_x": [3.865099069304218, -2.490375462181388, -2.221009160442671e-05, 0.18235979888904832],
  "angular_vec_y": [7.478187536366204, -6.799381659438971, 0.0007534605258858598, 0.3861391525969447],
  "angular_vec_z": [3.041204944681322, -3.1357374411070467, 6.879119784963357e-05, 0.09396312725504027],
  "input_orientation_x": [0.4787410518175236, -0.5544835707389686, 0.009003798024309095, 0.11231969750637558],
  "input_orientation_y": [0.9016451236931028, -0.7460334393226273, 0.0032181259099620177, 0.1850326526467386],
  "input_orientation_z": [0.2629133105036498, -0.4484907074580407, 0.00034500650193764994, 0.036411612451918575],
  "input_orientation_w": [0.99999878708061, -0.9999815098149264, 0.553455916623573, 0.8033764389295613],
  "input_orientation_yaw": [2.253154123452465, -1.689642547504412, -0.005869069029247135, 0.38050573396496146],
  "input_orientation_pitch": [1.0014349156161564, -1.1754722447514774, 0.1110667590666403, 0.19935911211403837],
  "input_orientation_roll": [0.5216237694410842, -0.9455771669859844, -0.006080465252527869, 0.06947379250591106]
}
